train,test,model,arm,n_subjects_eval,n_windows_eval,train_events,n_predictors,epv,window_n_mean,window_n_sd,window_prevalence_mean,window_prevalence_sd,window_accuracy_mean,window_accuracy_sd,window_balanced_accuracy_mean,window_balanced_accuracy_sd,window_macro_f1_mean,window_macro_f1_sd,window_mcc_mean,window_mcc_sd,window_auroc_mean,window_auroc_sd,window_auprc_mean,window_auprc_sd,window_brier_mean,window_brier_sd,window_calibration_slope_mean,window_calibration_slope_sd,window_calibration_intercept_mean,window_calibration_intercept_sd,window_ece_mean,window_ece_sd,subject_n_mean,subject_n_sd,subject_prevalence_mean,subject_prevalence_sd,subject_accuracy_mean,subject_accuracy_sd,subject_balanced_accuracy_mean,subject_balanced_accuracy_sd,subject_macro_f1_mean,subject_macro_f1_sd,subject_mcc_mean,subject_mcc_sd,subject_auroc_mean,subject_auroc_sd,subject_auprc_mean,subject_auprc_sd,subject_brier_mean,subject_brier_sd,subject_calibration_slope_mean,subject_calibration_slope_sd,subject_calibration_intercept_mean,subject_calibration_intercept_sd,subject_ece_mean,subject_ece_sd,n_subjects_mean,n_subjects_sd,window_auroc_ci_lo,window_auroc_ci_hi,subject_auroc_ci_lo,subject_auroc_ci_hi,window_accuracy_ci_lo,window_accuracy_ci_hi,subject_accuracy_ci_lo,subject_accuracy_ci_hi,window_macro_f1_ci_lo,window_macro_f1_ci_hi,subject_macro_f1_ci_lo,subject_macro_f1_ci_hi,window_brier_ci_lo,window_brier_ci_hi,subject_brier_ci_lo,subject_brier_ci_hi,window_calibration_slope_ci_lo,window_calibration_slope_ci_hi,subject_calibration_slope_ci_lo,subject_calibration_slope_ci_hi
depresjon,psykose,majority,internal,39,312,16,28,0.5714285714285714,312.0,0.0,0.5897435897435898,0.0,0.5897435897435898,0.0,0.5,0.0,0.3709677419354839,0.0,0.0,0.0,0.44972826086956524,6.206335383118183e-17,0.5643255295429208,0.0,0.24338376886889987,3.1031676915590914e-17,-3.833839056956541,4.136232691952992e-15,0.0005345009052181897,1.9299864569908576e-17,0.04644851116625309,0.0,39.0,0.0,0.5897435897435898,0.0,0.5897435897435898,0.0,0.5,0.0,0.3709677419354839,0.0,0.0,0.0,0.44972826086956524,6.206335383118183e-17,0.5643255295429208,0.0,0.24338376886889987,3.1031676915590914e-17,-3.83371412939675,5.811463456374355e-15,0.000534500905218152,5.590253012130426e-17,0.04644851116625307,4.347204570675246e-17,39.0,0.0,0.21681584179778404,0.5542533660155478,0.25642847599181334,0.538764281853082,0.4358974358974359,0.717948717948718,0.4583333333333333,0.6956521739130435,0.30357142857142855,0.417910447761194,0.3142857142857143,0.41025641025641024,0.21589876743598777,0.2667986845832599,0.22340743648983083,0.26700810828618377,-48.796207131417205,11.975059644191482,-42.0746703594104,8.052296968633378
depresjon,psykose,majority,external,38,304,16,28,0.5714285714285714,304.0,0.0,0.5789473684210527,0.0,0.5789473684210527,0.0,0.5,0.0,0.36666666666666664,0.0,0.0,0.0,0.5,0.0,0.5789473684210527,0.0,0.2438838714142358,3.1031676915590914e-17,0.10210270453066168,0.0,-0.044451762570833886,0.0,0.010796221322537103,0.0,38.0,0.0,0.5789473684210527,0.0,0.5789473684210527,0.0,0.5,0.0,0.36666666666666664,0.0,0.0,0.0,0.5,0.0,0.5789473684210527,0.0,0.2438838714142358,3.1031676915590914e-17,0.10210269613572134,0.0,-0.04445176257083387,0.0,0.010796221322537325,0.0,38.0,0.0,0.5,0.5,0.5,0.5,0.42105263157894735,0.6842105263157895,0.4770523478330062,0.6956521739130435,0.2962962962962963,0.40625,0.32297560152119736,0.41025641025641024,0.21554379044257585,0.26277725872867574,0.22293685504387836,0.2620487396950168,-0.10210270453066173,0.2879466509099576,-0.028566654892892444,0.2650958062401405
depresjon,psykose,logreg,internal,39,312,16,28,0.5714285714285714,312.0,0.0,0.5897435897435898,0.0,0.6121794871794871,0.040032038451271804,0.6003396739130433,0.03690455849444399,0.5996576082640654,0.03801351070366835,0.20127130240844301,0.07452796156186672,0.6380434782608695,0.03945801536884714,0.6990812901888033,0.031985486301080425,0.2621812632819252,0.024816098490965856,0.2874144455679165,0.06358369702123533,0.33139862161802436,0.1528498121708943,0.1983643773936874,0.04697327664041708,39.0,0.0,0.5897435897435898,0.0,0.6307692307692309,0.061751767070729706,0.6146739130434782,0.05622275385079518,0.6154608846232941,0.05770901272689591,0.23387190392631405,0.11721184247065543,0.6413043478260869,0.037110055118879534,0.7108771711050126,0.036091382845402066,0.2526925323952805,0.024688774773766194,0.3262749946084571,0.07685147502361007,0.31259810480249245,0.14376009895584813,0.2409165110098594,0.03254661982049844,39.0,0.0,0.4096643993761868,0.7754047223641805,0.48084636740597186,0.7840110060563396,0.4770922489039709,0.7564102564102564,0.5229967591817597,0.7587869327989866,0.46937125635643445,0.7558161679743342,0.5126452847958864,0.7522898172121457,0.1836639314956794,0.34133284612633397,0.18535386727598324,0.3062513032532796,-0.11546404664223177,0.7413172332725397,0.03764205127670068,0.8598202907432472
depresjon,psykose,logreg,external,38,304,16,28,0.5714285714285714,304.0,0.0,0.5789473684210527,0.0,0.7006578947368421,0.0,0.6807528409090908,0.0,0.6833876967095851,0.0,0.3753662818475932,0.0,0.77099609375,0.0,0.7827729909558948,0.0,0.2037981801096051,0.0,0.4863316977361186,6.206335383118183e-17,-0.09332663928645522,0.0,0.12708900961814984,0.0,38.0,0.0,0.5789473684210527,0.0,0.7105263157894737,0.0,0.6903409090909092,0.0,0.6933235509904623,0.0,0.39617930531268536,0.0,0.7698863636363636,0.0,0.8154874307213877,0.0,0.19729797957806725,0.0,0.57162910723629,0.0,-0.08875634627990986,0.0,0.12634818383919075,0.0,38.0,0.0,0.5829752038710562,0.8846947755126521,0.6187650400023114,0.8763092102418019,0.5580329813166296,0.8092105263157895,0.5994252120376126,0.8083453429569235,0.5459115869364594,0.8022626919577184,0.544735065198888,0.7854871215172504,0.13579431339024756,0.31144718534329824,0.1390206657360305,0.25903489364114646,0.13952411408512633,0.8092089543299961,0.3006546529935726,0.9123251278368766
depresjon,psykose,rf,internal,39,312,16,28,0.5714285714285714,312.0,0.0,0.5897435897435898,0.0,0.6660256410256411,0.05224457290249992,0.6393342391304347,0.05904645043441546,0.6398098708156365,0.06361773569391653,0.2907624010156589,0.12045208834458063,0.7092815896739131,0.07247175849867897,0.7784560086921031,0.04152433160460827,0.221303811446806,0.02945959696784785,0.4956450831570033,0.17975603144440938,-0.16828139726715693,0.08302324711505145,0.11982572104864535,0.021428328818101035,39.0,0.0,0.5897435897435898,0.0,0.6717948717948719,0.06880209161537813,0.6418478260869565,0.0765200214419369,0.6418113553113554,0.08166235488372256,0.29986121482078426,0.15646512946105853,0.7184782608695652,0.07895880664908769,0.795962676892163,0.04470990456920374,0.21656849405736747,0.029623899372052745,0.5740140385094002,0.21241617748184727,-0.16376781833775206,0.08106541238970483,0.156749738860895,0.036754988760043864,39.0,0.0,0.5509475794026075,0.8604920481404409,0.6238691736713468,0.8869324392453338,0.5253606186239586,0.7980769230769231,0.5348692108053361,0.7601814135840939,0.5086072731187588,0.7791481612249296,0.5089285714285714,0.7642486361247663,0.15510060590437302,0.29342991820903985,0.15707949772037405,0.2676394601354256,0.00840679653229472,1.557609778986757,0.2090020575039757,1.892460557640574
depresjon,psykose,rf,external,38,304,16,28,0.5714285714285714,304.0,0.0,0.5789473684210527,0.0,0.6190789473684211,0.005884389414473133,0.5892045454545455,0.007395406669346235,0.5860277604118354,0.008519512936360467,0.19279048649337013,0.01436491992221694,0.6604936079545455,0.007200539234555553,0.733432990203229,0.007964249697615578,0.24345631167330245,0.0023054257050562927,0.39539577097897294,0.009998552428946383,-0.4252494705669233,0.01732109624406904,0.1633831608640612,0.006673711441610406,38.0,0.0,0.5789473684210527,0.0,0.5894736842105263,0.01441375151329383,0.5619318181818183,0.018993766648234982,0.5582310944130459,0.022409244889716406,0.13115641707631862,0.03719560531028733,0.6585227272727272,0.009292856382838695,0.749087073965492,0.005888562381058835,0.23818676144900613,0.002372529580507356,0.4637023647114867,0.008641611442324377,-0.4101488348800052,0.01680670527799513,0.23029139041277685,0.019709059760662995,38.0,0.0,0.4716830580011434,0.8134875977346162,0.5135998226430936,0.7861507905042621,0.46440013060591023,0.7302631578947368,0.4782608695652174,0.72,0.46519590389726934,0.7235827753537588,0.4732795379667521,0.7227895176029359,0.1750982543697898,0.3405082327461442,0.17692290375816097,0.30114573912766185,0.0008840817734789377,0.8497261033215208,0.17990175418601873,0.8002023587320312
depresjon,psykose,xgboost,internal,39,312,16,28,0.5714285714285714,312.0,0.0,0.5897435897435898,0.0,0.6724358974358975,0.06686361441233483,0.6507133152173912,0.07282487099614533,0.6517021508101541,0.07486767922843987,0.3097557657468125,0.1469179438920817,0.7221212635869565,0.0786084429493563,0.8036570283283361,0.0494293934368057,0.256469295619485,0.05372525984515579,0.28546063174070063,0.10890564781933773,-0.5007624225956937,0.2139819769227714,0.21305720042243287,0.061359157621723955,39.0,0.0,0.5897435897435898,0.0,0.6820512820512821,0.08426500884694862,0.660054347826087,0.09274727619956588,0.6605289872926321,0.0970153600445359,0.3279212198458816,0.18814928499745398,0.7331521739130434,0.08316726916122319,0.8218394233291809,0.04274273001398862,0.2409758435587926,0.05382892830719059,0.348523635545081,0.1287170953433785,-0.4301245092320383,0.18563292586602606,0.23410382402153349,0.07054863634444683,39.0,0.0,0.539233173120477,0.8606894832535216,0.6060136596028762,0.8608989870882607,0.4864582439406057,0.7596153846153846,0.517369514676627,0.7403996452357344,0.49700640515495675,0.758681457758842,0.4763956799544768,0.7333333333333334,0.15722532607768372,0.32978211422074977,0.1482099685898408,0.2829190154719362,0.05637506434011064,0.717683939816793,0.1842160663452381,0.8071362302499479
depresjon,psykose,xgboost,external,38,304,16,28,0.5714285714285714,304.0,0.0,0.5789473684210527,0.0,0.6236842105263157,0.012439256842887532,0.5925426136363636,0.013416059708056398,0.5888651914795444,0.014644838052283548,0.20170855611446173,0.028270003845481565,0.6636008522727272,0.005773805379716155,0.6942812948249657,0.0054225933113028904,0.29835208002247793,0.007036362619963314,0.18976789451581083,0.00970739518013687,-1.4205877139594318,0.06584260411629163,0.28058343646262074,0.010127386935753466,38.0,0.0,0.5789473684210527,0.0,0.5894736842105263,0.01441375151329383,0.5602272727272728,0.01244823994329922,0.556235827664399,0.01179901200974853,0.12950864784286226,0.028587864284711526,0.6869318181818181,0.004668089978737225,0.7592937620095253,0.0048256937212884125,0.28178924073897693,0.006253575117851436,0.244764717852541,0.009255413645104061,-1.1979529901903256,0.05588621037613562,0.2940579090242911,0.020534409816124526,38.0,0.0,0.4777907331516051,0.8215917441508376,0.5645936910195269,0.821581134513577,0.48026315789473684,0.7367602670900902,0.4782608695652174,0.7083333333333334,0.46801373661073586,0.7340168611254262,0.4545473571657407,0.6899719073981464,0.20964616747437204,0.42705356013875023,0.1987557855799693,0.3626316263310203,-0.01760845627217261,0.3802285351989426,0.08177733382136325,0.42762756696021054
psykose,depresjon,majority,internal,38,304,16,28,0.5714285714285714,304.0,0.0,0.5789473684210527,0.0,0.5789473684210527,0.0,0.5,0.0,0.36666666666666664,0.0,0.0,0.0,0.44886363636363635,0.0,0.5524140930839495,0.0,0.24511066080045762,1.3877787807814457e-17,-3.7417814989391096,6.829451004377462e-15,0.000464604447849251,2.3412570216697423e-17,0.00011318619128468655,6.080941952039208e-17,38.0,0.0,0.5789473684210527,0.0,0.5789473684210527,0.0,0.5,0.0,0.36666666666666664,0.0,0.0,0.0,0.44886363636363635,0.0,0.5524140930839495,0.0,0.24511066080045754,3.925231146709438e-17,-3.741648184776299,1.0855233655586997e-14,0.0004646044478493111,4.0338222291692495e-17,0.00011318619128453111,0.0,38.0,0.0,0.17469034831351554,0.5292573151448446,0.19687361063792921,0.4693683782470672,0.42105263157894735,0.6842105263157895,0.4770523478330062,0.6956521739130435,0.2962962962962963,0.40625,0.32297560152119736,0.41025641025641024,0.22354402729860803,0.2700289541674396,0.22584486845502386,0.2618574053561572,-52.095972428844824,15.440828879483314,-59.91577785933115,4.571407956151719
psykose,depresjon,majority,external,39,312,16,28,0.5714285714285714,312.0,0.0,0.5897435897435898,0.0,0.5897435897435898,0.0,0.5,0.0,0.3709677419354839,0.0,0.0,0.0,0.5,0.0,0.5897435897435898,0.0,0.24206264649477954,3.1031676915590914e-17,0.1049122907169773,0.0,0.044451762570833525,0.0,0.010796221322537103,0.0,39.0,0.0,0.5897435897435898,0.0,0.5897435897435898,0.0,0.5,0.0,0.3709677419354839,0.0,0.0,0.0,0.5,0.0,0.5897435897435898,0.0,0.24206264649477935,3.1031676915590914e-17,0.10491228205874407,0.0,0.04445176257083351,0.0,0.010796221322537325,0.0,39.0,0.0,0.5,0.5,0.5,0.5,0.4358974358974359,0.717948717948718,0.4583333333333333,0.6956521739130435,0.30357142857142855,0.417910447761194,0.3142857142857143,0.41025641025641024,0.2104251828716504,0.2582569784785852,0.22534023846802362,0.2628116343490305,-0.014830338996130744,0.3835382990412689,-0.048296180231878504,0.23902107229111075
psykose,depresjon,logreg,internal,38,304,16,28,0.5714285714285714,304.0,0.0,0.5789473684210527,0.0,0.6605263157894736,0.02186943439288772,0.6488636363636363,0.025933509040265444,0.6490947647847624,0.025505739622972118,0.2999873685107558,0.0494166263418951,0.71220703125,0.045578966215874706,0.7607567140983476,0.0756551326672733,0.2432934706946878,0.024217840727495832,0.2819125576334325,0.1073641910023309,0.13484391857089634,0.1186771337260944,0.16402985976774245,0.02412037306263487,38.0,0.0,0.5789473684210527,0.0,0.6842105263157896,0.04923233403649925,0.6676136363636364,0.0528057678847759,0.6692052189416616,0.05321644973084313,0.3426938539692602,0.10468567393216954,0.7306818181818183,0.04831216288518484,0.7892544059737984,0.06778157001026641,0.23070065054500127,0.024524052434211505,0.33342804893278855,0.1412492015313693,0.12322552216932743,0.10859334593067987,0.19721892052947826,0.04092480420573455,38.0,0.0,0.5550920577448559,0.86432416318045,0.6008677950017447,0.8713898862871767,0.569026616428662,0.8091167625080118,0.6363636363636364,0.8181818181818182,0.541610326482213,0.8115437600362091,0.620596796249016,0.8219226286145794,0.15226002014309828,0.32180819873852756,0.1485605815805407,0.2788341288491092,0.007686940726412591,0.9131308011659668,0.13050977539240496,1.0776609488557256
psykose,depresjon,logreg,external,39,312,16,28,0.5714285714285714,312.0,0.0,0.5897435897435898,0.0,0.6346153846153846,0.0,0.6224524456521738,0.0,0.6224524456521738,0.0,0.24490489130434784,0.0,0.6710258152173914,0.0,0.7082651411646911,0.0,0.24655958770104253,3.1031676915590914e-17,0.3595240013807819,0.0,0.4245911285106743,6.206335383118183e-17,0.20900491785247105,0.0,39.0,0.0,0.5897435897435898,0.0,0.6410256410256411,0.0,0.6290760869565217,0.0,0.6290760869565217,0.0,0.25815217391304346,0.0,0.6684782608695652,0.0,0.7096599831563273,0.0,0.23537381334703303,0.0,0.43794202330910614,6.206335383118183e-17,0.3963327438477538,0.0,0.21814626642951712,0.0,39.0,0.0,0.45099541651341574,0.8184695179894462,0.5250361777378666,0.8048418141380219,0.48189964837967086,0.7371794871794872,0.5416666666666666,0.75,0.4897390971470602,0.7398040374844671,0.5208711433756805,0.7393610495771985,0.18352387192170552,0.36054499808997564,0.1808996239238288,0.29740945762293974,-0.014324995598825857,0.6777830739846181,0.1425719482186149,0.817658572036587
psykose,depresjon,rf,internal,38,304,16,28,0.5714285714285714,304.0,0.0,0.5789473684210527,0.0,0.6881578947368421,0.01937720588818835,0.6708096590909091,0.025004640258926056,0.6721464330494622,0.024404947356341695,0.35135576717394235,0.04538981935770061,0.7456853693181819,0.019772199426379797,0.8297606458453286,0.018482841650753302,0.21199391592687275,0.01349659814390067,0.6190793184511797,0.15964850604799058,-0.09363034998710364,0.04931458439080405,0.12282719670965019,0.04095986325028259,38.0,0.0,0.5789473684210527,0.0,0.7052631578947369,0.0343115916063297,0.6875,0.0409228985536589,0.6885514991029428,0.03961558275549382,0.38850832181151806,0.0784913062512514,0.7568181818181818,0.016270251208268572,0.8421840053309058,0.012129970509430823,0.2070784073080087,0.013747216065108911,0.6929989046612501,0.18841579173082992,-0.09091905909108519,0.04765096390195596,0.1749893608687037,0.0558816750400218,38.0,0.0,0.5931418760952708,0.8880606206733269,0.6567383530071566,0.8882840874963382,0.5815595260479806,0.8223684210526315,0.6363636363636364,0.8333333333333334,0.5786731813398573,0.8445002760644923,0.6200334857498505,0.8235878423842556,0.14701341638869525,0.2757821409194166,0.14898806210122525,0.24236983292834116,0.12420079990799636,1.667579861521549,0.3651997125792544,1.8211310873436437
psykose,depresjon,rf,external,39,312,16,28,0.5714285714285714,312.0,0.0,0.5897435897435898,0.0,0.6551282051282051,0.009233884801851206,0.6374660326086956,0.008561703168341019,0.6387731804366389,0.00881274714261434,0.27911053672474956,0.018120561555974912,0.7059103260869565,0.0019814412687371333,0.7773792738936283,0.004791699378088012,0.21602908475366056,0.0005062693991568905,0.614138793885191,0.013255019764579535,0.0827654294915674,0.01854505324400169,0.12870916918746647,0.014304803309217401,39.0,0.0,0.5897435897435898,0.0,0.6666666666666666,0.0,0.6413043478260869,0.0,0.6432090077410275,0.0,0.29488391230979427,0.0,0.6972826086956522,0.003098302785595488,0.7822365636050689,0.004871629328621833,0.21127327691290226,0.000537029689960419,0.7011801037687732,0.010999267183197188,0.08063431538756086,0.018104072750110133,0.18003983340741644,0.03428015899876897,39.0,0.0,0.5160287806088167,0.8499103633712117,0.5222090711957311,0.8197385706804337,0.4902337411319345,0.7957178167483937,0.5142131945361962,0.7782965284770599,0.4681204504653842,0.7938235597826956,0.4997081130430354,0.7673530139868364,0.1495946438850739,0.29398137192320806,0.15757891111639857,0.2620253898581381,0.028849244032220115,1.2518226319858068,0.25297837931433176,1.4505045172004505
psykose,depresjon,xgboost,internal,38,304,16,28,0.5714285714285714,304.0,0.0,0.5789473684210527,0.0,0.6796052631578947,0.03592912479187671,0.6606534090909092,0.039879277174569794,0.6621649695996896,0.0408464167299097,0.3312453510841321,0.07859883902004679,0.7612038352272726,0.019848492715248495,0.8487303837852552,0.01644754075445086,0.2449674154648859,0.02197363024707908,0.3142872907909121,0.06115895678713522,-0.6175576293243022,0.26446496367155914,0.21131226063206623,0.038192116699567034,38.0,0.0,0.5789473684210527,0.0,0.6684210526315789,0.04403473823863555,0.6505681818181818,0.05191950818891212,0.6507780646577983,0.0524793868818608,0.30852704440338174,0.09872716532667737,0.759659090909091,0.02654388324272287,0.8496428826119418,0.02290689975033193,0.23127338569394335,0.02177380255742368,0.36353882905549006,0.07877784550578662,-0.5417931750808668,0.2290615754716747,0.21445281025218335,0.06248481033765408,38.0,0.0,0.606897762474695,0.8817022345821397,0.6238403524366058,0.8782051282051282,0.5592105263157895,0.8342013537492498,0.6086956521739131,0.8276284155431943,0.5640402218775704,0.8356608183400649,0.5872868406185667,0.8175434807345889,0.13480161059234771,0.33436708291992745,0.1471147803710798,0.28886544320976887,0.06479014227997669,0.78362757827479,0.19517720536269068,0.9054297013752132
psykose,depresjon,xgboost,external,39,312,16,28,0.5714285714285714,312.0,0.0,0.5897435897435898,0.0,0.6256410256410256,0.011644809054221121,0.6003396739130433,0.013727092367124405,0.6008305254467114,0.014299072768853033,0.20816622878449054,0.02704250033035235,0.6741762907608695,0.006984344798162907,0.744972337332079,0.00934320886753784,0.29799646371318184,0.0043218131828709466,0.195350173606836,0.006494240602864144,-0.6188251543504516,0.12754477439142878,0.2759665667647287,0.011734647040360079,39.0,0.0,0.5897435897435898,0.0,0.6153846153846154,0.0,0.5883152173913043,0.0,0.5883180858550316,0.0,0.18430244519362143,0.0,0.6891304347826088,0.0062559045832724725,0.7922807129809479,0.006919318783089393,0.2858027303846895,0.004623843796778731,0.25151994247178594,0.008316116461387973,-0.5371586776376633,0.11400014682272673,0.2809516584811111,0.018462417958633712,39.0,0.0,0.4567976132106662,0.8224041459393687,0.5151821795930553,0.8060173781598975,0.4785722717509693,0.7564102564102564,0.47921855063943286,0.7108149651906065,0.46092596021835197,0.7513456551378711,0.46036517708802177,0.7022312561389413,0.19541582958902537,0.42801501572589234,0.1920196028837675,0.3780447362369719,-0.03848524888924079,0.39218505544339033,0.03809531972919374,0.4598903673173321
depresjon,hyperaktiv,majority,internal,55,440,23,28,0.8214285714285714,440.0,0.0,0.41818181818181815,0.0,0.5818181818181818,0.0,0.5,0.0,0.367816091954023,0.0,0.0,0.0,0.45516304347826086,0.0,0.3992094861660079,0.0,0.24442148760330568,3.1031676915590914e-17,-4.06012431126328,6.327297285568803e-15,-2.1913934841199353e-16,1.8185994600338302e-17,0.0,0.0,55.0,0.0,0.41818181818181815,0.0,0.5818181818181818,0.0,0.5,0.0,0.367816091954023,0.0,0.0,0.0,0.45516304347826086,0.0,0.3992094861660079,0.0,0.2444214876033058,3.3993498887762956e-17,-4.059992689148933,8.72496861620875e-15,-2.340806676219021e-16,1.4848802411946298e-17,1.9984014443252818e-16,3.0404709722440586e-17,55.0,0.0,0.23926842825848604,0.5456116597472764,0.27880284954012374,0.4978565542704351,0.43636363636363634,0.6909090909090909,0.48333575296325004,0.6666666666666666,0.3037974683544304,0.40860215053763443,0.3258392981836422,0.4,0.2243063057602257,0.2653856842680397,0.2294283415749743,0.2603769928326845,-50.553013672837416,9.359561505093934,-47.257398111500216,-2.0138726963118216
depresjon,hyperaktiv,majority,external,85,340,23,28,0.8214285714285714,340.0,0.0,0.5176470588235295,0.0,0.48235294117647054,6.206335383118183e-17,0.5,0.0,0.3253968253968254,0.0,0.0,0.0,0.5,0.0,0.5176470588235295,0.0,0.25958191541079245,0.0,-0.021027104410501016,0.0,0.4008592540845304,0.0,0.09946524064171136,0.0,85.0,0.0,0.5176470588235295,0.0,0.48235294117647054,6.206335383118183e-17,0.5,0.0,0.3253968253968254,0.0,0.0,0.0,0.5,0.0,0.5176470588235295,0.0,0.2595819154107924,0.0,-0.021027103741033025,0.0,0.4008592540845301,0.0,0.0994652406417112,0.0,85.0,0.0,0.5,0.5,0.5,0.5,0.3764705882352941,0.6,0.4117647058823529,0.5660665687304947,0.27350427350427353,0.375,0.2916666666666667,0.36145442630611646,0.23866920763349053,0.2737739768209984,0.24588332181104314,0.2711327175498298,-0.12071936397043492,0.14734010056533453,-0.10619014222686153,0.07914461446146442
depresjon,hyperaktiv,logreg,internal,55,440,23,28,0.8214285714285714,440.0,0.0,0.41818181818181815,0.0,0.5845454545454546,0.034370069142970326,0.579993206521739,0.03855677660779494,0.5778808100143428,0.03703100488209856,0.15827718486534775,0.07594035350103852,0.6253057065217391,0.02802852774020801,0.4916678655638516,0.03741683920179677,0.2689833591520892,0.017696212954161492,0.298213659751532,0.07994985794906054,-0.30014610387202506,0.06069317333413081,0.18644509031214304,0.038098030624084726,55.0,0.0,0.41818181818181815,0.0,0.5818181818181818,0.036363636363636376,0.5758152173913043,0.038389464178964716,0.5742258810539822,0.03759369455477298,0.15041930340124948,0.07597872513702392,0.6309782608695652,0.02486078915539711,0.5197092867902999,0.05211488153721154,0.2641942780537309,0.017855426655690416,0.32995645265330287,0.09072596263714691,-0.2916174163464456,0.05803741125342674,0.2295867143296491,0.04206853934560746,55.0,0.0,0.46707362881284226,0.7613110482282938,0.5154570137008923,0.7408182790796217,0.47410090342951755,0.704060226502153,0.4853335629938161,0.686798279327182,0.47214838462747094,0.7004224076762047,0.4829467140524162,0.6761355838195402,0.20239868974116762,0.324817488947243,0.21076195007986778,0.3063968582236468,0.05691473793812234,0.689144113072137,0.1365313082635183,0.6480818794454023
depresjon,hyperaktiv,logreg,external,85,340,23,28,0.8214285714285714,340.0,0.0,0.5176470588235295,0.0,0.6147058823529412,0.0,0.6139135254988913,0.0,0.6139544962080173,0.0,0.2280048541534157,3.1031676915590914e-17,0.6286377494456763,0.0,0.6335486508134471,0.0,0.2645978593782412,0.0,0.2987055386867845,0.0,0.2558323754485392,0.0,0.1574598281294447,0.0,85.0,0.0,0.5176470588235295,0.0,0.611764705882353,0.0,0.6108647450110865,0.0,0.61090303786933,0.0,0.22197571940400893,3.1031676915590914e-17,0.630820399113082,0.0,0.640188453762075,0.0,0.26175807127598816,0.0,0.3161541001627029,0.0,0.25167798206632247,0.0,0.1919640775426772,0.0,85.0,0.0,0.5092096316274405,0.7242029776366633,0.5313013540040418,0.7162620171322285,0.49900696014681056,0.6885598668897721,0.5352533833393902,0.6922520477237747,0.4998668721330709,0.6904816389163336,0.5292307692307692,0.6895242420650501,0.21753794093476472,0.3243580627141256,0.22212649140571794,0.3056102640750018,0.0031782799110069964,0.5802719844793491,0.0579705940434966,0.5694921732245196
depresjon,hyperaktiv,rf,internal,55,440,23,28,0.8214285714285714,440.0,0.0,0.41818181818181815,0.0,0.6440909090909092,0.04429195027885016,0.6274966032608695,0.047164306885464725,0.628135677349066,0.04801306134630381,0.25953726165826246,0.09553210735316378,0.6692085597826087,0.04524149134058695,0.5420903429071455,0.05758973629865844,0.24187598884073241,0.021790605987225747,0.36955269543516717,0.12622564897573232,0.015721346002255377,0.07151006786556942,0.12875759502122378,0.027088279407276275,55.0,0.0,0.41818181818181815,0.0,0.6436363636363638,0.053935988997059384,0.6277173913043478,0.057930088800598106,0.6278043092317276,0.05954923029451429,0.2593827533119866,0.11724057855562355,0.6788043478260869,0.04626154188482524,0.577510381182111,0.0640421915669054,0.23673927459678526,0.022338234260898683,0.4218058520456194,0.14595628922949525,0.015312460519181453,0.06945613009635052,0.17023994905247525,0.03163119626701287,55.0,0.0,0.5314277454277502,0.7943296066987041,0.5810962302683748,0.7860654270881323,0.5409090909090909,0.7681471919462922,0.5781641172388007,0.7777777777777778,0.5304102468660246,0.7594452021874577,0.5738336465522302,0.7678325732133072,0.18276935243570377,0.2991956044070805,0.18691876646830605,0.27524839047877364,0.0024523121506961655,0.9536958219852115,0.138918552505197,1.0381076516514167
depresjon,hyperaktiv,rf,external,85,340,23,28,0.8214285714285714,340.0,0.0,0.5176470588235295,0.0,0.6147058823529412,0.008054743492723043,0.6192766075388028,0.00804599263853402,0.6101871759276646,0.008196005591121679,0.24625945411518887,0.016545899079499795,0.6524251662971176,0.004439905199434192,0.6332569400689809,0.003567852606919795,0.26073063063511964,0.0018721401927878163,0.404127662886411,0.012833828066268049,0.6033762880994152,0.008120960860033577,0.16204073977734587,0.00456695127860007,85.0,0.0,0.5176470588235295,0.0,0.611764705882353,0.0,0.6166851441241685,0.0,0.6063157894736843,0.0,0.24226244859230456,0.0,0.6572062084257205,0.004065880448091413,0.6508875644718384,0.006955751745374611,0.2549434443227585,0.0018700037040955315,0.4518749603837976,0.014427575720009952,0.5845055176639933,0.007776966018320369,0.14171855876414824,0.01319846637665144,85.0,0.0,0.5386298112391159,0.7573674355037997,0.5640776771727032,0.7506435592042319,0.5090040831141548,0.6943468278334091,0.5185185185185185,0.6909090909090909,0.5083580369349276,0.7011709216752449,0.5128099977773326,0.6834735588821493,0.21056741978300791,0.31228764605364784,0.20802241925136292,0.2944867972037237,0.1061938056414932,0.7157604702318531,0.1946814042580356,0.7949767965346843
depresjon,hyperaktiv,xgboost,internal,55,440,23,28,0.8214285714285714,440.0,0.0,0.41818181818181815,0.0,0.615,0.03588462918256572,0.6003566576086956,0.03598667372616735,0.6009589402611871,0.03642971895878906,0.20277324190562354,0.0732081266721879,0.6396696671195652,0.04524926951708737,0.5083612823634639,0.046129712464102086,0.3020550707173194,0.0306722737523859,0.15734888453826196,0.05929750056229454,0.15456414488327788,0.11774126456298727,0.2533134081837025,0.037032412953945604,55.0,0.0,0.41818181818181815,0.0,0.6472727272727272,0.03302891295379083,0.6345108695652174,0.037339418705601354,0.6348487682530235,0.03675092892313158,0.2706436762751406,0.07297579044458867,0.6396739130434782,0.05207013853025114,0.5299895008630396,0.05164177443038622,0.28625851115880485,0.031529425108352674,0.18718975208628721,0.07031835003298803,0.1347824834553104,0.10301145671571256,0.27762402918433177,0.04510409829128916,55.0,0.0,0.5072392871976338,0.7816318115911182,0.5493648694753169,0.7595419540095749,0.5261213654175306,0.7465130110304967,0.5961967661556303,0.7708059517913642,0.5095627088369478,0.732854136172635,0.5758454367495295,0.7657199774329922,0.20089975398311727,0.3713505954301491,0.2073275250353937,0.3326758777842799,-0.023237286661556823,0.3967546719133708,0.043541638844324354,0.44606769628459286
depresjon,hyperaktiv,xgboost,external,85,340,23,28,0.8214285714285714,340.0,0.0,0.5176470588235295,0.0,0.6041176470588236,0.010726225016947344,0.6076358093126386,0.010590181222250951,0.6016586440018691,0.011073033985448255,0.21919526221388547,0.0212179455233776,0.641595066518847,0.003051928429260681,0.6187640513714908,0.004032480842080196,0.3062135300582069,0.0019226126018990243,0.18080625966415043,0.00367817369542945,0.875561351165512,0.01850442014576012,0.2605668389988611,0.0033890579097009877,85.0,0.0,0.5176470588235295,0.0,0.5882352941176471,0.0,0.5914634146341464,0.0,0.5861733203505355,0.0,0.1857276864637143,0.0,0.6496674057649667,0.00514058674916613,0.6413264624824094,0.007375401917062633,0.2912651261338396,0.0015904795407140223,0.20633438167116952,0.005478233725515991,0.7741322392728593,0.015658557057645312,0.253943629588877,0.014047940060727097,85.0,0.0,0.5284517335302631,0.7518225516936379,0.5610896335819687,0.7380206307083753,0.5033166136041481,0.6816564014698141,0.5094686360142786,0.6727272727272727,0.5056802781690408,0.6815599616298939,0.5083612040133779,0.6699999999999999,0.24219739815377603,0.38503316869617776,0.23111258456448472,0.34193871821360466,0.019404792772501914,0.34460347105256317,0.0863278592691946,0.3948741801464878
